,강남11개구,강북14개구,수도권,전국,KOSPI,S&P 500
1986-01-01,9.6412645532,18.1332851468,,17.5034774987,160.42,211.77999877929688
1986-02-01,9.6581196762,18.1035583623,,17.5034774987,175.91,226.9199981689453
1986-03-01,9.6244094302,18.0738315777,,17.471243011,199.76,238.89999389648438
1986-04-01,9.5569880435,17.9549244397,,17.374538448,202.91,235.52000427246094
1986-05-01,9.5064217799,17.7171111906,,17.2455993974,231.06,247.35000610351562
1986-06-01,9.3884341296,17.7171111906,,17.1488959345,243.36,250.83999633789062
1986-07-01,9.354722989,17.7171111906,,17.0521913715,273.75,236.1199951171875
1986-08-01,9.354722989,17.7171111906,,17.0199568839,264.64,252.92999267578125
1986-09-01,9.3715790066,17.7765647597,,17.0521913715,253.45,231.32000732421875
1986-10-01,9.321012743,17.7468379751,,17.0521913715,240.79,243.97999572753906
1986-11-01,9.2270974502,17.7765647597,,16.8910178333,268.98,249.22000122070312
1986-12-01,9.1090176612,17.7468379751,,16.7620787826,272.61,242.1699981689453
1987-01-01,9.0752805787,17.6873844061,,16.7298431949,310.22,274.0799865722656
1987-02-01,9.0415434961,17.5982040525,,16.6653742196,334.98,284.20001220703125
1987-03-01,9.0415434961,17.1225775545,,16.6653742196,405.13,291.70001220703125
1987-04-01,9.0078064135,16.8847643054,,16.6653742196,358.63,288.3599853515625
1987-05-01,9.0078064135,16.8847643054,,16.6976087072,387.99,290.1000061035156
1987-06-01,9.0078064135,16.6172232448,,16.6976087072,411.76,304.0
1987-07-01,9.0078064135,16.5874964602,,16.7620787826,485.48,318.6600036621094
1987-08-01,9.0752805787,16.5280439183,,16.8587822455,474.01,329.79998779296875
1987-09-01,9.3789143218,16.8847643054,,17.5679475741,485.35,321.8299865722656
1987-10-01,9.4969941108,17.330664019,,17.9869992136,509.05,251.7899932861328
1987-11-01,9.6319424411,17.390117588,,18.2771129026,475.59,230.3000030517578
1987-12-01,9.6150738998,17.6873844061,,18.3415818779,525.11,247.0800018310547
1988-01-01,9.834365831,17.8360183287,,18.7283990298,633.58,257.07000732421875
1988-02-01,10.1717366567,18.7575455675,,19.3408597953,612.35,267.82000732421875
1988-03-01,10.4416333173,18.9953588165,,19.9210849731,656.47,258.8900146484375
1988-04-01,10.6440558127,19.3520792036,,20.3401377127,647.18,261.3299865722656
1988-05-01,10.7452670604,19.7087995907,,20.7591893523,717.35,262.1600036621094
1988-06-01,10.8127412256,19.7385263752,,20.9848329659,702.83,273.5
1988-07-01,11.2344547577,20.0060674359,,21.5328236561,721.08,272.0199890136719
1988-08-01,11.6393006431,20.6006010721,,22.3064579599,664.43,261.5199890136719
1988-09-01,11.4706152302,20.6600546411,,22.1452844216,677.54,271.9100036621094
1988-10-01,11.3694039825,20.541147503,,22.0808143462,729.79,278.9700012207031
1988-11-01,11.1838491338,20.362787823,,21.7907017573,831.12,273.70001220703125
1988-12-01,11.4200096064,20.5708742876,,22.016345371,907.2,277.7200012207031
1989-01-01,11.9091973036,21.2248614927,,22.5965705488,884.29,297.4700012207031
1989-02-01,12.7357558266,22.3247494386,,23.7892575922,917.9,288.8599853515625
1989-03-01,13.1743387946,23.3949106,,24.659596459,1003.31,294.8699951171875
1989-04-01,14.1189771065,24.5245253304,,26.174630579,940.54,309.6400146484375
1989-05-01,13.967160235,24.2867110542,,26.4325086803,932.76,320.5199890136719
1989-06-01,13.612920868,24.2867110542,,26.3358041173,854.61,317.9800109863281
1989-07-01,13.3261556661,24.5245253304,,26.077926016,895.66,346.0799865722656
1989-08-01,13.3092871249,24.7028850104,,26.0456904282,975.28,351.45001220703125
1989-09-01,13.258681501,24.5245253304,,26.0134559406,942.41,349.1499938964844
1989-10-01,13.4779725377,24.7920653639,,26.2390995543,894.02,340.3599853515625
1989-11-01,13.5454467028,24.8217921484,,26.3680386049,906.33,345.989990234375
1989-12-01,13.5454467028,24.9109714749,,26.4647431679,909.72,353.3999938964844
1990-01-01,13.9334231524,25.0596053975,,26.8515603198,896.16,329.0799865722656
1990-02-01,14.7599825699,26.6648466259,,28.1731853138,861.59,331.8900146484375
1990-03-01,15.4347242213,27.3188348582,,29.1402287436,840.89,339.94000244140625
1990-04-01,16.5986544645,28.3889949925,,30.5263238129,688.66,330.79998779296875
1990-05-01,16.8516825838,28.5079021306,,31.0743145031,797.95,361.2300109863281
1990-06-01,17.0034994554,28.6268092686,,31.3966626797,706.79,358.0199890136719
1990-07-01,17.0878421618,29.0429832248,,31.5900707056,678.38,356.1499938964844
1990-08-01,17.2902646572,30.3212308507,,32.1058269082,606.87,322.55999755859375
1990-09-01,17.7963217903,32.4912799579,,33.2018093886,602.88,306.04998779296875
1990-10-01,18.2180353225,32.8777271295,,33.9754436924,690.16,304.0
1990-11-01,18.8253037033,32.907453914,,34.7813124838,697.03,322.2200012207031
1990-12-01,18.8084342674,32.907453914,,35.0069560975,696.11,330.2200012207031
1991-01-01,19.0277261987,33.6506204457,,35.3937732494,635.4,343.92999267578125
1991-02-01,19.3144914005,34.8099619606,,35.9739984272,675.57,367.07000732421875
1991-03-01,20.0735757584,35.8503963374,,36.8121028063,659.85,375.2200012207031
1991-04-01,20.731449763,36.8908307142,,37.972554262,645.61,375.3399963378906
1991-05-01,20.5627643502,36.2071167245,,37.9080852868,611.35,389.8299865722656
1991-06-01,20.1579184648,35.5828563038,,37.5212681349,605.27,371.1600036621094
1991-07-01,20.0735757584,35.5531295193,,37.2633900336,717.03,387.80999755859375
1991-08-01,19.9892330519,35.1072287787,,37.0055119324,683.11,395.42999267578125
1991-09-01,19.7024678501,34.661328038,,36.6831637557,705.08,387.8599853515625
1991-10-01,19.4157026482,34.0965211863,,36.2318765284,695.94,392.45001220703125
1991-11-01,18.4373263592,33.085813594,,35.2003641234,652.11,375.2200012207031
1991-12-01,17.8469274142,31.8372927527,,34.3622608443,610.92,417.0899963378906
1992-01-01,17.7963217903,31.8075659682,,34.1688517183,680.51,408.7799987792969
1992-02-01,17.779453249,31.7481123991,,34.104382743,612.5,412.70001220703125
1992-03-01,17.779453249,31.6589320456,,33.9754436924,606.32,403.69000244140625
1992-04-01,17.6782420013,31.331938443,,33.7498000788,615.97,414.95001220703125
1992-05-01,17.2396590334,30.6482244533,,33.2985128515,574.2,415.3500061035156
1992-06-01,16.80107696,30.2915040661,,32.7505221613,552.03,408.1400146484375
1992-07-01,16.7167342535,30.0834176016,,32.5248785477,509.95,424.2099914550781
1992-08-01,17.1047107031,30.5590440997,,32.7505221613,562.8,414.0299987792969
1992-09-01,17.3577397169,31.569751692,,33.1695738008,513.82,417.79998779296875
1992-10-01,17.2565275747,31.3616652275,,33.1051048256,615.58,418.67999267578125
1992-11-01,17.0709736205,31.3022116584,,32.9116956996,663.36,431.3500061035156
1992-12-01,16.8854196664,31.0346716249,,32.6538175983,678.44,435.7099914550781
1993-01-01,16.9697623728,31.153578763,,32.6215831107,670.56,438.7799987792969
1993-02-01,17.2396590334,31.5400249075,,32.879461212,642.96,443.3800048828125
1993-03-01,17.2059219508,31.5102991501,,32.9116956996,666.75,451.6700134277344
1993-04-01,17.0878421618,31.1238519784,,32.7182876737,721.57,440.19000244140625
1993-05-01,16.9360252902,30.7076780223,,32.5248785477,752.31,450.19000244140625
1993-06-01,16.7167342535,30.4104112042,,32.2670004464,748.87,450.5299987792969
1993-07-01,16.6492600884,30.3806844197,,32.1058269082,729.94,448.1300048828125
1993-08-01,16.5817859233,30.3806844197,,32.0091223451,664.88,463.55999755859375
1993-09-01,16.5480488407,30.3212308507,,31.9446533699,718.87,458.92999267578125
1993-10-01,16.5311802994,30.2617772816,,31.9124188823,750.72,467.8299865722656
1993-11-01,16.5143117581,30.2320504971,,31.8801832945,811.06,461.7900085449219
1993-12-01,16.446837593,30.1131443861,,31.7834798316,866.18,466.45001220703125
1994-01-01,16.4974432168,30.1428701435,,31.8157143193,945.71,481.6099853515625
1994-02-01,16.6323915471,30.2320504971,,31.9124188823,918.88,467.1400146484375
1994-03-01,16.6998657122,30.0536908171,,31.9446533699,867.22,445.7699890136719
1994-04-01,16.682997171,29.9942372481,,31.9124188823,908.72,450.9100036621094
1994-05-01,16.6661286297,29.9942372481,,31.8801832945,939.49,456.5
1994-06-01,16.6661286297,29.9050568945,,31.8801832945,933.36,444.2699890136719
1994-07-01,16.6661286297,29.8456033255,,31.8479488069,927.97,458.260009765625
1994-08-01,16.682997171,29.9050568945,,31.8801832945,944.23,475.489990234375
1994-09-01,16.80107696,29.9942372481,,32.0091223451,1050.51,462.7099914550781
1994-10-01,16.80107696,29.9645104635,,32.0735924205,1105.62,472.3500061035156
1994-11-01,16.80107696,29.9645104635,,32.0091223451,1074.41,453.69000244140625
1994-12-01,16.80107696,29.9645104635,,32.0091223451,1027.37,459.2699890136719
1995-01-01,16.8179455012,29.9645104635,,32.0091223451,925.56,470.4200134277344
1995-02-01,16.8348140425,29.9645104635,,32.0735924205,885.69,487.3900146484375
1995-03-01,16.8516825838,30.0834176016,,32.1380613958,931.78,500.7099914550781
1995-04-01,16.919156749,30.0834176016,,32.2025314712,897.0,514.7100219726562
1995-05-01,16.8854196664,29.9942372481,,32.1702969835,882.5,533.4000244140625
1995-06-01,16.8854196664,29.9942372481,,32.1702969835,894.41,544.75
1995-07-01,16.8685511251,29.934783679,,32.1380613958,933.57,562.0599975585938
1995-08-01,16.9360252902,29.934783679,,32.1702969835,914.06,561.8800048828125
1995-09-01,17.0203679967,29.7861497564,,32.2670004464,982.65,584.4099731445312
1995-10-01,16.919156749,29.7861497564,,32.2670004464,990.26,581.5
1995-11-01,16.8854196664,29.7266972145,,32.2347659588,930.92,605.3699951171875
1995-12-01,16.8685511251,29.7266972145,,32.2347659588,882.94,615.9299926757812
1996-01-01,16.9528938315,29.7266972145,,32.3314705218,878.82,636.02001953125
1996-02-01,17.0034994554,29.756423999,,32.4604095724,852.83,640.4299926757812
1996-03-01,17.0203679967,29.7266972145,,32.6215831107,874.16,645.5
1996-04-01,17.0034994554,29.7861497564,,32.6538175983,980.9,654.1699829101562
1996-05-01,17.0034994554,29.756423999,,32.6538175983,903.09,669.1199951171875
1996-06-01,17.0034994554,29.7266972145,,32.6215831107,817.43,670.6300048828125
1996-07-01,17.0203679967,29.756423999,,32.6215831107,821.71,639.9500122070312
1996-08-01,17.1047107031,29.87533011,,32.7182876737,781.49,651.989990234375
1996-09-01,17.2902646572,30.3806844197,,32.976165775,789.67,687.3300170898438
1996-10-01,17.3071340931,30.4995905307,,33.1051048256,757.59,705.27001953125
1996-11-01,17.4589509646,30.4104112042,,33.2018093886,726.48,757.02001953125
1996-12-01,17.6782420013,30.6184976687,,33.3629829269,651.22,740.739990234375
1997-01-01,18.3361151114,31.3022116584,,34.0399126677,685.84,786.1599731445312
1997-02-01,18.6734859371,31.9264720791,,34.6523734332,676.53,790.8200073242188
1997-03-01,18.606011772,31.8670195372,,34.8457825592,677.34,757.1199951171875
1997-04-01,18.5216690656,31.9561988636,,34.8780170468,703.23,801.3400268554688
1997-05-01,18.487931983,31.8372927527,,34.8780170468,756.77,848.280029296875
1997-06-01,18.5048005243,31.8075659682,,34.8457825592,745.4,885.1400146484375
1997-07-01,18.5216690656,31.7481123991,,34.8780170468,726.12,954.3099975585938
1997-08-01,18.6734859371,31.7778391836,,35.0069560975,695.37,899.469970703125
1997-09-01,18.8421722445,32.2534656817,,35.2003641234,647.11,947.280029296875
1997-10-01,18.8421722445,32.2831924662,,35.2325997111,470.79,914.6199951171875
1997-11-01,18.724091561,32.2534656817,,35.1358951481,407.86,955.4000244140625
1997-12-01,18.6397488546,32.0751060017,,34.9424860221,376.31,970.4299926757812
1998-01-01,18.3361151114,31.8372927527,,34.6201389456,567.38,980.280029296875
1998-02-01,17.8469274142,31.391392012,,33.9432092048,558.98,1049.3399658203125
1998-03-01,17.2227904921,30.0239640326,,32.976165775,481.04,1101.75
1998-04-01,16.3793634278,28.6862628377,,31.9446533699,421.22,1111.75
1998-05-01,15.7552265057,27.7052810028,,30.9776099401,332.03,1090.8199462890625
1998-06-01,15.4853298452,27.2296545047,,30.5263238129,297.88,1133.8399658203125
1998-07-01,15.6877523406,27.2296545047,,30.4296192499,343.33,1120.6700439453125
1998-08-01,16.0251240608,27.2296545047,,30.5585583006,310.16,957.280029296875
1998-09-01,15.856438648,27.0810205821,,30.3006801993,310.32,1017.010009765625
1998-10-01,15.535935469,26.724300195,,30.042802098,403.44,1098.6700439453125
1998-11-01,15.4347242213,26.3973065924,,29.9138630474,451.88,1163.6300048828125
1998-12-01,16.1263353086,26.7540269795,,30.2039756363,562.46,1229.22998046875
1999-01-01,16.6661286297,27.5269213228,25.5085521284,30.8809053771,571.43,1279.6400146484375
1999-02-01,16.7336027948,27.6161016763,25.7136458555,31.1387834783,520.06,1238.3299560546875
1999-03-01,16.8516825838,27.8241881408,25.9443771131,31.3966626797,618.98,1286.3699951171875
1999-04-01,16.9528938315,27.9133684944,25.9700135574,31.5256017304,752.59,1335.1800537109375
1999-05-01,17.1384477857,28.002548848,26.2263812593,31.6867752686,736.02,1301.8399658203125
1999-06-01,17.3408711756,28.0322756325,26.4571114308,31.8801832945,883.0,1372.7099609375
1999-07-01,17.66137346,28.299815666,26.7134791327,32.0735924205,969.72,1328.719970703125
1999-08-01,18.1842982399,28.6268092686,27.2262134504,32.4604095724,937.88,1320.4100341796875
1999-09-01,18.5554061482,29.1024357667,27.7389477681,32.8472267243,836.18,1282.7099609375
1999-10-01,18.4710634417,29.1916161203,27.790221743,32.9116956996,833.51,1362.9300537109375
1999-11-01,18.4035892766,29.0429832248,27.6876748794,32.8149922367,996.66,1388.9100341796875
1999-12-01,18.5891432307,28.9240760867,27.7133113238,32.7827566489,1028.07,1469.25
2000-01-01,18.8084342674,29.1916161203,27.9696790257,32.9439312873,943.88,1394.4599609375
2000-02-01,19.1120689051,29.5483365074,28.3029560607,33.2018093886,828.38,1366.4200439453125
2000-03-01,19.3650970244,29.6672436455,28.5336873183,33.3952174145,860.94,1498.5799560546875
2000-04-01,19.3482284831,29.7266972145,28.584960207,33.4596874899,725.39,1452.4300537109375
2000-05-01,19.3313599418,29.69697043,28.5593237626,33.3952174145,731.88,1420.5999755859375
2000-06-01,19.3313599418,29.7266972145,28.5080497878,33.3307484392,821.22,1454.5999755859375
2000-07-01,19.5506509785,29.7861497564,28.6362341818,33.3629829269,705.97,1430.8299560546875
2000-08-01,19.6181251437,30.0536908171,28.7644174897,33.4274519021,688.62,1517.6800537109375
2000-09-01,19.7868105565,30.1725969281,28.9438747724,33.5886265405,613.22,1436.510009765625
2000-10-01,19.9048903455,30.2915040661,29.0720580803,33.6530955158,514.48,1429.4000244140625
2000-11-01,19.7530734739,30.0536908171,28.8926007976,33.5241564651,509.23,1314.949951171875
2000-12-01,19.5169138959,29.69697043,28.584960207,33.2340438762,504.62,1320.280029296875
2001-01-01,19.5675195198,29.6672436455,28.6362341818,33.2662783639,617.91,1366.010009765625
2001-02-01,19.7699420152,30.0239640326,28.8926007976,33.4596874899,578.1,1239.93994140625
2001-03-01,19.9386274281,30.2915040661,29.2002424744,33.7498000788,523.22,1160.3299560546875
2001-04-01,20.1747870061,30.5887708842,29.5591559537,34.0721482554,577.36,1249.4599609375
2001-05-01,20.5121587263,30.9752180559,29.9437069635,34.4267298196,612.16,1255.8199462890625
2001-06-01,21.0350835062,31.4211187965,30.5077152561,34.8780170468,595.13,1224.3800048828125
2001-07-01,21.7266936988,32.0453792172,31.3537276949,35.5227123,541.55,1211.22998046875
2001-08-01,22.5869901989,33.1452671631,32.5330182549,36.4575201421,545.11,1133.5799560546875
2001-09-01,22.9412295659,33.8884347218,33.3021202745,37.1989199582,479.68,1040.93994140625
2001-10-01,22.9918351898,33.9181615063,33.4303035824,37.4245635719,537.81,1059.780029296875
2001-11-01,23.12678352,33.7398007992,33.5328504459,37.6179715978,643.89,1139.449951171875
2001-12-01,23.8183946073,33.9776140483,34.0712222942,38.0692588251,693.7,1148.0799560546875
2002-01-01,25.7076721258,35.2261359167,35.9939773433,39.6165274327,748.07,1130.199951171875
2002-02-01,26.9222079928,36.5341103271,37.4809074077,41.002622502,819.99,1106.72998046875
2002-03-01,28.0524011535,37.3664582394,38.7883812756,42.2597785207,895.58,1147.3900146484375
2002-04-01,28.3054292728,37.7529054111,39.1729322854,42.6465956726,842.34,1076.9200439453125
2002-05-01,28.4235090618,38.0204454446,39.3523895681,42.8400036985,796.4,1067.1400146484375
2002-06-01,28.6934057223,38.1988051246,39.6856666031,43.0978817998,742.72,989.8200073242188
2002-07-01,29.5030965985,38.9419726834,40.4547697089,43.7103425653,717.99,911.6199951171875
2002-08-01,30.7851057362,40.0121338447,41.8391529098,44.7418549704,736.4,916.0700073242188
2002-09-01,32.42135603,41.5876493158,43.7875444032,46.289123578,646.42,815.280029296875
2002-10-01,32.337012429,41.9146429184,43.967001686,46.5470016792,658.92,885.760009765625
2002-11-01,32.1345899336,41.7362822113,43.8900912668,46.5470016792,724.8,936.3099975585938
2002-12-01,32.2020640987,41.6471018577,44.0439121052,46.7404108053,627.55,879.8200073242188
2003-01-01,31.5610595299,41.2309289287,43.6080882066,46.6759407299,591.86,855.7000122070312
2003-02-01,31.746613484,41.1120217906,43.7362715145,46.9982889065,575.43,841.1500244140625
2003-03-01,31.9490359794,41.3498350396,43.9926392165,47.3528715708,535.7,848.1799926757812
2003-04-01,32.7587268557,41.5281957467,44.6079203977,47.900862261,599.35,916.9199829101562
2003-05-01,33.8383134979,41.9740954603,45.8897567351,48.9968447414,633.42,963.5900268554688
2003-06-01,34.226290842,42.0632758139,46.4281285833,49.5770699192,669.93,974.5
2003-07-01,34.5955219831,42.0866837822,46.684473476,49.7678617809,713.52,990.3099975585938
2003-08-01,35.2340790614,42.2268296201,47.0844489296,50.0721795474,759.47,1008.010009765625
2003-09-01,36.4928790828,42.6592422765,47.933861024,50.7529928288,697.52,995.969970703125
2003-10-01,37.717672762,43.2322352408,49.0054368095,51.6136470473,782.36,1050.7099609375
2003-11-01,37.2235632472,43.2494681891,48.8300156674,51.545679585,796.18,1058.199951171875
2003-12-01,36.8008800222,43.0912903068,48.4877605004,51.2118480097,810.71,1111.9200439453125
2004-01-01,36.6342153992,43.0540799568,48.3455245587,51.1089429835,848.5,1131.1300048828125
2004-02-01,36.9511126446,43.23827879,48.5122391068,51.2893901049,883.42,1144.93994140625
2004-03-01,37.2326885582,43.3640429529,48.6804134432,51.4912528079,880.5,1126.2099609375
2004-04-01,37.5759938328,43.5736639284,48.8764660415,51.6947679408,862.84,1107.300048828125
2004-05-01,37.6362758108,43.6431103067,48.8648431295,51.7518768914,803.84,1120.6800537109375
2004-06-01,37.4976464047,43.6249139238,48.7130327584,51.7009398001,785.79,1140.8399658203125
2004-07-01,37.3398843496,43.4844856291,48.5245615006,51.6071748463,735.34,1101.719970703125
2004-08-01,37.0300424251,43.3535160434,48.2324680889,51.4487538912,803.57,1104.239990234375
2004-09-01,36.8804297263,43.2591795687,48.0101393028,51.3723889599,835.09,1114.5799560546875
2004-10-01,36.7018022777,43.1293141325,47.8067280251,51.3041310571,834.84,1130.199951171875
2004-11-01,36.4594613549,42.9893418772,47.5239027479,51.1058823574,878.06,1173.8199462890625
2004-12-01,36.3055485512,42.8402652677,47.2640778244,50.9140717539,895.92,1211.9200439453125
2005-01-01,36.21426771,42.6776913299,47.0611086105,50.7778100838,932.7,1181.27001953125
2005-02-01,36.8200260894,42.7726194233,47.4272200187,51.0525843373,1011.36,1203.5999755859375
2005-03-01,37.0695583048,42.8891467341,47.7297513506,51.3485893465,965.68,1180.5899658203125
2005-04-01,37.768748025,42.9742412212,48.1379337683,51.7530551555,911.3,1156.8499755859375
2005-05-01,38.3331396994,43.0871541116,48.6030012218,52.1646246533,970.21,1191.5
2005-06-01,39.7512860251,43.1471150759,49.5524544272,52.7958529316,1008.16,1191.3299560546875
2005-07-01,40.8042705206,43.5397495929,50.3790041093,53.3741033345,1111.29,1234.1800537109375
2005-08-01,40.9010939975,43.8663631627,50.5819396525,53.6155440474,1083.33,1220.3299560546875
2005-09-01,40.8970559959,44.0594290862,50.6277220431,53.7348446562,1221.01,1228.81005859375
2005-10-01,40.7176315027,44.1477476896,50.5270422748,53.7339172271,1158.11,1207.010009765625
2005-11-01,40.8755912535,44.1637419364,50.5203689572,53.7604837256,1297.44,1249.47998046875
2005-12-01,41.218524395,44.2203462863,50.6579007749,53.8943382605,1379.37,1248.2900390625
2006-01-01,41.7988077615,44.3264853482,50.9578698743,54.1396933184,1399.83,1280.0799560546875
2006-02-01,42.4200937507,44.5849251361,51.4206422888,54.4767395413,1371.59,1280.6600341796875
2006-03-01,43.5359052208,44.8036412217,52.0762848763,54.9211354092,1359.6,1294.8699951171875
2006-04-01,44.9382958263,45.1665982557,53.0172780442,55.5052892339,1419.73,1310.6099853515625
2006-05-01,46.1878461942,45.5305803513,54.1687522529,56.1951512751,1317.7,1270.0899658203125
2006-06-01,46.5259755988,45.7538321801,54.6762056998,56.4848920122,1295.15,1270.199951171875
2006-07-01,46.6496203873,45.8771127772,54.8835021431,56.5920546312,1297.82,1276.6600341796875
2006-08-01,46.7446332937,46.0314276771,55.1023454676,56.7091769367,1352.74,1303.8199462890625
2006-09-01,47.0527558919,46.2827957729,55.5379293265,56.959110832,1371.41,1335.8499755859375
2006-10-01,48.2419375104,47.0695530976,57.0000071483,57.8252218102,1364.55,1377.93994140625
2006-11-01,51.3731286181,49.8023424996,60.9142424247,60.0438588843,1432.21,1400.6300048828125
2006-12-01,52.6138068328,52.6257512443,63.1254859472,61.304957852,1434.46,1418.300048828125
2007-01-01,53.176815532,54.1201594917,64.2006568956,61.9237037925,1360.23,1438.239990234375
2007-02-01,53.2286314828,54.461594342,64.507981416,62.1092545245,1417.34,1406.8199462890625
2007-03-01,53.252405955,54.6473410386,64.6174633597,62.1663315707,1452.55,1420.8599853515625
2007-04-01,53.0780544584,54.9059051074,64.6366708707,62.1625294414,1542.24,1482.3699951171875
2007-05-01,52.847664732,54.9864094141,64.5603448012,62.0969471111,1700.91,1530.6199951171875
2007-06-01,52.8083554936,55.120992393,64.632727053,62.1178621229,1743.6,1503.3499755859375
2007-07-01,52.8869882833,55.4127682502,64.8620278485,62.2205350168,1933.27,1455.27001953125
2007-08-01,52.9236943794,55.643765559,65.0407791324,62.3047506411,1873.24,1473.989990234375
2007-09-01,52.9544964414,55.8978596201,65.2156973862,62.3979314135,1946.48,1526.75
2007-10-01,52.9485941963,56.2642574919,65.4058641271,62.4974160636,2064.85,1549.3800048828125
2007-11-01,52.9246730178,56.7378051077,65.5943299541,62.5938257856,1906.0,1481.1400146484375
2007-12-01,52.87134796,57.013966751,65.6504742342,62.6189917891,1897.13,1468.3599853515625
2008-01-01,52.9357019326,57.5361072137,65.8656398483,62.7270972393,1624.68,1378.550048828125
2008-02-01,53.0018718429,58.1280833316,66.1215882956,62.8684240146,1711.62,1330.6300048828125
2008-03-01,53.243447925,59.5678521016,66.7991211894,63.254698791,1703.99,1322.699951171875
2008-04-01,53.642422058366,61.606582745211,67.837387915043,63.906517994836,1825.47,1385.5899658203125
2008-05-01,53.848878954687,62.444363569832,68.4422473765,64.279172004762,1852.02,1400.3800048828125
2008-06-01,53.944686466058,62.997238331123,68.946979892273,64.629493344919,1674.92,1280.0
2008-07-01,53.957897998031,63.30298465368,69.230373901824,64.833211643167,1594.67,1267.3800048828125
2008-08-01,53.898696829741,63.368822946572,69.287594600927,64.910714846576,1474.24,1282.8299560546875
2008-09-01,53.851581379984,63.451078973408,69.39270026358,65.049189977173,1448.06,1166.3599853515625
2008-10-01,53.583483250773,63.394638056215,69.209352043743,65.004846133963,1113.06,968.75
2008-11-01,52.929778583887,63.119695254318,68.535706736586,64.660150617542,1076.07,896.239990234375
2008-12-01,51.877567431683,62.324962099322,67.587740367486,64.098000892177,1124.47,903.25
2009-01-01,51.289464070732,61.917671968172,66.917840873518,63.668327616364,1162.11,825.8800048828125
2009-02-01,51.399099549901,61.53056173692,66.645097409585,63.476051962297,1063.03,735.0900268554688
2009-03-01,51.329013095997,61.28779548206,66.368661810309,63.324910781558,1206.26,797.8699951171875
2009-04-01,51.677218700625,61.260788797543,66.397954986333,63.354642233711,1369.36,872.8099975585938
2009-05-01,51.844488883474,61.253731155714,66.525395876567,63.444507110967,1395.89,919.1400146484375
2009-06-01,52.187854025607,61.436944328809,66.727675871971,63.588822022647,1390.07,919.3200073242188
2009-07-01,52.739644581858,61.844850919127,67.075239516724,63.803850124773,1557.29,987.47998046875
2009-08-01,53.060520180323,62.087447974537,67.32829311513,64.006601198947,1591.85,1020.6199951171875
2009-09-01,53.792332619274,62.675385326361,67.948727771073,64.521087959391,1673.14,1057.0799560546875
2009-10-01,53.973738492209,62.904303619233,68.159224063874,64.783911788522,1580.69,1036.18994140625
2009-11-01,53.94874868972,62.910829729988,68.154663197595,64.997281840688,1555.6,1095.6300048828125
2009-12-01,53.92369039462,62.908321439539,68.088298217855,65.111976978192,1682.77,1115.0999755859375
2010-01-01,54.017728476161,62.897638583778,68.073855550743,65.207695698469,1602.43,1073.8699951171875
2010-02-01,54.246228629939,62.945761006338,68.148045896814,65.458218834362,1594.58,1104.489990234375
2010-03-01,54.239885152236,62.926617230833,68.119897146306,65.653151976489,1692.85,1169.4300537109375
2010-04-01,54.181713103351,62.7675314996,67.963381446118,65.787208873398,1741.56,1186.68994140625
2010-05-01,53.955054126031,62.580336757018,67.664298097069,65.824906140185,1641.25,1089.4100341796875
2010-06-01,53.674134032434,62.192052613279,67.203252198723,65.797515111182,1698.29,1030.7099609375
2010-07-01,53.387671607889,61.872243640996,66.75728280688,65.730823265038,1759.33,1101.5999755859375
2010-08-01,53.130819933922,61.611760287989,66.429378916373,65.709572539465,1742.75,1049.3299560546875
2010-09-01,53.018619834356,61.42283948301,66.261606924605,65.812787653874,1872.81,1141.199951171875
2010-10-01,52.936112615493,61.288396353514,66.149538615575,65.995587627486,1882.95,1183.260009765625
2010-11-01,52.89284993332,61.212819477065,66.079955625475,66.354750789134,1904.63,1180.550048828125
2010-12-01,52.965973176493,61.204123218805,66.122960313265,66.757242803356,2051.0,1257.6400146484375
2011-01-01,53.090302908351,61.239337844966,66.221200426095,67.185446371029,2069.73,1286.1199951171875
2011-02-01,53.292793953812,61.362246274283,66.4441869877,67.923754295642,1939.3,1327.219970703125
2011-03-01,53.377295052146,61.442185641507,66.642317668704,68.813736070071,2106.7,1325.8299560546875
2011-04-01,53.367314175828,61.46525109353,66.723196833665,69.640633672969,2192.36,1363.6099853515625
2011-05-01,53.292904550685,61.456229985771,66.699002695698,70.357540061144,2142.47,1345.199951171875
2011-06-01,53.211742766479,61.410296978484,66.665574864632,70.827339252135,2100.69,1320.6400146484375
2011-07-01,53.098258724025,61.34933698836,66.59412008825,71.222186317113,2133.21,1292.280029296875
2011-08-01,53.047697623028,61.271684440466,66.572154070543,71.72579562551,1880.11,1218.8900146484375
2011-09-01,52.987821777405,61.208347008485,66.568251108981,72.222278217201,1769.65,1131.4200439453125
2011-10-01,52.885089951328,61.178781141371,66.548429159557,72.600401768935,1909.03,1253.300048828125
2011-11-01,52.749148222302,61.125508904256,66.469400626983,73.005979901891,1847.51,1246.9599609375
2011-12-01,52.635836673452,61.068182916785,66.377210612704,73.166957838853,1825.74,1257.5999755859375
2012-01-01,52.51942922137,61.012405426505,66.255703847255,73.305719423809,1955.79,1312.4100341796875
2012-02-01,52.424688720871,60.958189372301,66.184830750749,73.446451149185,2030.25,1365.6800537109375
2012-03-01,52.264261155655,60.849605465838,66.044908471655,73.587019304889,2014.04,1408.469970703125
2012-04-01,51.968506730791,60.682295920428,65.801665776817,73.691646586567,1981.99,1397.9100341796875
2012-05-01,51.815703855103,60.54596360129,65.631929434508,73.712769565985,1843.47,1310.3299560546875
2012-06-01,51.629494487693,60.39826358432,65.454952505078,73.66928017015,1854.01,1362.1600341796875
2012-07-01,51.333478099043,60.10018143692,65.182334173887,73.560395153158,1881.99,1379.3199462890625
2012-08-01,51.034511254832,59.900438917729,64.947071601938,73.448843311547,1905.12,1406.5799560546875
2012-09-01,50.638373597825,59.606908391429,64.588523528243,73.292187991101,1996.21,1440.6700439453125
2012-10-01,50.35332898057,59.214300893722,64.237597223,73.162855227446,1912.06,1412.1600341796875
2012-11-01,50.15437049561,58.979911825765,63.977590335198,73.094137655314,1932.9,1416.1800537109375
2012-12-01,49.926327078095,58.826864467039,63.800546112139,73.031684142073,1997.05,1426.18994140625
2013-01-01,49.730773656107,58.618999520885,63.633148823241,72.967761885416,1961.94,1498.1099853515625
2013-02-01,49.590092462481,58.480351689321,63.477633264688,72.909365410947,2026.49,1514.6800537109375
2013-03-01,49.490389246707,58.291094068329,63.296000316204,72.871276857306,2004.89,1569.18994140625
2013-04-01,49.445656081002,58.191719962602,63.173917887727,72.861786476054,1963.95,1597.5699462890625
2013-05-01,49.454221876262,58.110462443277,63.063533489911,72.844685818205,2001.05,1630.739990234375
2013-06-01,49.357687576137,57.980279294295,62.904493544689,72.801647191865,1863.32,1606.280029296875
2013-07-01,49.193717301833,57.788785994374,62.761002474102,72.782696454632,1914.03,1685.72998046875
2013-08-01,49.101885387005,57.553201859351,62.603902625757,72.733393005015,1926.36,1632.969970703125
2013-09-01,49.091613064392,57.50309648134,62.536654324802,72.763680187876,1996.96,1681.550048828125
2013-10-01,49.135750217757,57.559778448634,62.621100905102,72.933482762706,2030.09,1756.5400390625
2013-11-01,49.140332196627,57.566120854188,62.660341592523,73.101639939337,2044.87,1805.81005859375
2013-12-01,49.140539719224,57.563036094604,62.692469965522,73.274950648683,2011.34,1848.3599853515625
2014-01-01,49.173656077494,57.557877917477,62.729651155818,73.366421126758,1941.15,1782.5899658203125
2014-02-01,49.244516988161,57.620293343276,62.807007332314,73.504937784396,1979.99,1859.449951171875
2014-03-01,49.380698592639,57.725313079352,62.994636683797,73.763523168519,1985.61,1872.3399658203125
2014-04-01,49.408059724603,57.789349693789,63.116703193306,73.950565416112,1961.79,1883.949951171875
2014-05-01,49.389983820405,57.773878132932,63.121822128146,73.997770493217,1994.96,1923.5699462890625
2014-06-01,49.330159467889,57.732431291533,63.10227219266,74.039785082473,2002.21,1960.22998046875
2014-07-01,49.329009661259,57.726059166384,63.11896203016,74.107533946752,2076.12,1930.6700439453125
2014-08-01,49.359123746048,57.721913269775,63.193238692943,74.211528557521,2068.54,2003.3699951171875
2014-09-01,49.555182035686,57.840288036906,63.416168869685,74.44806194581,2020.09,1972.2900390625
2014-10-01,49.730807750831,57.965717663615,63.638742472193,74.714685951054,1964.43,2018.050048828125
2014-11-01,49.777713556385,58.029259340134,63.746133758054,74.891734626812,1980.78,2067.56005859375
2014-12-01,49.763113127387,58.070035057004,63.828091417589,75.059182405652,1915.59,2058.89990234375
2015-01-01,49.802666072036,58.12270004972,63.905425828794,75.173299942284,1949.26,1994.989990234375
2015-02-01,49.90155845486,58.229870742361,64.078253507581,75.372665347472,1985.8,2104.5
2015-03-01,50.13463930839,58.512094574317,64.396230244328,75.714756493868,2041.03,2067.889892578125
2015-04-01,50.434860657617,58.797750891072,64.787388176423,76.142613533868,2127.17,2085.510009765625
2015-05-01,50.655540028228,58.992273377862,65.085802153163,76.485800247657,2114.8,2107.389892578125
2015-06-01,50.955357372983,59.215128626803,65.447309923566,76.883552621086,2074.2,2063.110107421875
2015-07-01,51.218954617916,59.456359699077,65.785056732622,77.226085471605,2030.16,2103.840087890625
2015-08-01,51.53290432315,59.738859467019,66.125708985856,77.577253877659,1941.49,1972.1800537109375
2015-09-01,51.922421633398,60.159421541824,66.578631758874,78.028709854475,1962.81,1920.030029296875
2015-10-01,52.189680822252,60.442065001515,66.865290214278,78.309106093401,2029.47,2079.360107421875
2015-11-01,52.578617155589,60.804532644074,67.237376831345,78.696708567852,1991.97,2080.409912109375
2015-12-01,52.748118382425,60.993637204069,67.405758492039,78.853723893838,1961.31,2043.93994140625
2016-01-01,52.812307312692,61.05655777629,67.478658768849,78.917663444572,1912.06,1940.239990234375
2016-02-01,52.875959627081,61.165820486923,67.555891975023,78.981503280505,1916.66,1932.22998046875
2016-03-01,52.898152108732,61.230027868088,67.597039093824,78.992806217007,1995.85,2059.739990234375
2016-04-01,52.955186193048,61.310147112145,67.652304339818,79.016978317998,1994.15,2065.300048828125
2016-05-01,53.136511932137,61.43587017453,67.780484597793,79.072470480424,1983.4,2096.949951171875
2016-06-01,53.405693168046,61.603335732663,67.935054007323,79.143510206231,1970.35,2098.860107421875
2016-07-01,53.754857361325,61.858158055774,68.158124082499,79.253871076377,2016.19,2173.60009765625
2016-08-01,54.110026752796,62.131310167199,68.383471510053,79.366352517376,2034.65,2170.949951171875
2016-09-01,54.389269494987,62.342746920038,68.576460281388,79.486607408588,2043.63,2168.27001953125
2016-10-01,54.841288718743,62.706127684639,68.910534002296,79.71712744551,2008.19,2126.14990234375
2016-11-01,55.200108093815,63.124580202525,69.26353946521,79.969384305179,1983.48,2198.81005859375
2016-12-01,55.221439311062,63.232633977257,69.351725015182,80.0350031385,2026.46,2238.830078125
2017-01-01,55.20548005017,63.293197799277,69.381667760901,80.051190542818,2067.57,2278.8701171875
2017-02-01,55.213156772756,63.335819387695,69.394232459896,80.054387654133,2091.64,2363.639892578125
2017-03-01,55.27742813318,63.386866692799,69.434249199949,80.068628073945,2160.23,2362.719970703125
2017-04-01,55.362451630834,63.46182582187,69.486329644027,80.095780018764,2205.44,2384.199951171875
2017-05-01,55.5165738432,63.55723134907,69.563959841235,80.134613822097,2347.38,2411.800048828125
2017-06-01,56.031130511212,64.044010912603,69.853043895832,80.313541855396,2391.79,2423.409912109375
2017-07-01,56.502060813196,64.607998335594,70.18856977289,80.522608866951,2402.71,2470.300048828125
2017-08-01,57.119289984623,65.254682631931,70.577155450515,80.752553124415,2363.19,2471.64990234375
2017-09-01,57.182543929941,65.382076416229,70.704774758802,80.797897518419,2394.47,2519.360107421875
2017-10-01,57.462716076247,65.639777692349,70.867625958519,80.878901277829,2523.43,2575.260009765625
2017-11-01,57.862344842426,65.98747647181,71.08144404328,80.984399273306,2476.37,2647.580078125
2017-12-01,58.342252666527,66.291127670889,71.273765585936,81.08192019001,2467.49,2673.610107421875
2018-01-01,59.213768762171,66.742182748715,71.60215800304,81.250596118341,2566.46,2823.81005859375
2018-02-01,59.943272773317,67.202156578721,71.907703650407,81.41630912562,2427.36,2713.830078125
2018-03-01,60.747476844879,67.973803532929,72.312020365229,81.638765648916,2445.85,2640.8701171875
2018-04-01,61.287818335894,68.461586718394,72.585129495248,81.749834036032,2515.38,2648.050048828125
2018-05-01,61.533217795,68.732356192399,72.724642403022,81.792717542427,2423.01,2705.27001953125
2018-06-01,61.783865371108,68.984744743543,72.86498200472,81.83834938489,2326.13,2718.3701171875
2018-07-01,62.093074497133,69.372772071672,73.025329886619,81.85480394105,2295.26,2816.2900390625
2018-08-01,62.906689251016,70.064253691442,73.414983983672,82.044394044349,2322.88,2901.52001953125
2018-09-01,65.345437457082,72.713707011785,74.899876871624,82.934753167022,2343.07,2913.97998046875
2018-10-01,66.457818614467,74.171317521344,75.801807429137,83.444320637273,2029.69,2711.739990234375
2018-11-01,66.661975081608,74.54369901131,76.057843106584,83.531019118279,2096.86,2760.169921875
2018-12-01,66.70188415572,74.66886716639,76.090893004021,83.529998687057,2041.04,2506.85009765625
2019-01-01,66.639612599644,74.702487414201,76.069090438496,83.456629399803,2204.85,2704.10009765625
2019-02-01,66.543150458626,74.678796095452,76.027081785059,83.361192037207,2195.44,2784.489990234375
2019-03-01,66.372315601624,74.626986393847,75.925004921186,83.200691968713,2140.67,2834.39990234375
2019-04-01,66.223444279546,74.587072058884,75.809669693787,82.999811119488,2203.59,2945.830078125
2019-05-01,66.175876979024,74.550863157032,75.736067432739,82.884813539758,2041.74,2752.06005859375
2019-06-01,66.131315762232,74.486743359981,75.653882409887,82.720234400384,2130.62,2941.760009765625
2019-07-01,66.410459133265,74.717920177815,75.704977430339,82.646993287905,2024.55,2980.3798828125
2019-08-01,66.69823126814,74.99307802088,75.807303229376,82.634062549714,1967.79,2926.4599609375
2019-09-01,67.019640957881,75.299403609716,75.929279711117,82.65667554885,2063.05,2976.739990234375
2019-10-01,67.540857369646,75.565094629471,76.108477132001,82.749087677279,2083.48,3037.56005859375
2019-11-01,68.017912267733,75.866581178066,76.316188887148,82.869931987979,2087.96,3140.97998046875
2019-12-01,69.004857126345,76.348606648455,76.779430095602,83.227907458598,2197.67,3230.780029296875
2020-01-01,69.5527881209,76.744811481501,77.173824737574,83.542361750288,2119.01,3225.52001953125
2020-02-01,69.959905798134,77.077647041258,77.723828990712,83.923012565723,1987.01,2954.219970703125
2020-03-01,70.496413479508,77.610641529268,78.643742078259,84.537410910015,1754.64,2584.590087890625
2020-04-01,70.54968567829,77.800756734099,78.966415620043,84.748199353555,1947.56,2912.429931640625
2020-05-01,70.509217066425,77.850832243172,79.112331520611,84.840725501858,2029.6,3044.31005859375
2020-06-01,70.819147685644,78.32429309847,79.62920006933,85.250188272435,2108.33,3100.2900390625
2020-07-01,72.254860838888,80.09981165351,80.948550737159,86.19754091895,2249.37,3271.1201171875
2020-08-01,73.554492525619,81.978807910869,82.031149552868,87.00052100521,2326.17,3500.31005859375
2020-09-01,74.80239628527,83.895537392046,83.170882361256,87.878534331446,2327.89,3363.0
2020-10-01,75.357206884087,84.523182857611,83.739235359346,88.384511888616,2267.15,3269.9599609375
2020-11-01,76.291485655644,86.111930055097,85.072963420465,89.720577195921,2591.34,3621.6298828125
2020-12-01,77.229763748388,87.329552429616,86.382542391987,91.256577242734,2873.47,3756.070068359375
2021-01-01,78.3609951603,88.8652903878,87.9360400372,92.6414445852,2976.21,3714.239990234375
2021-02-01,79.480148734189,90.457960109592,89.968972069479,94.269756063383,3012.95,3811.14990234375
2021-03-01,80.329849630904,91.928822560035,92.114148738132,95.900938050233,3061.42,3972.889892578125
2021-04-01,80.947966182514,92.99086278949,93.827446173179,97.272662775969,3147.86,4181.169921875
2021-05-01,81.714343561177,93.990659207757,95.280414949106,98.492687360319,3203.92,4204.10986328125
2021-06-01,83.041212427179,95.587658222499,97.586418874775,100.353512809667,3296.68,4297.5
2021-07-01,84.061666132713,96.869885952777,99.456168296989,101.878093948763,3202.32,4395.259765625
2021-08-01,85.295886479118,98.547661891263,101.93970642993,103.899346548454,3199.27,4522.68017578125
2021-09-01,86.6031498725,100.3904405471,104.418049063661,105.944047163529,3068.82,4307.5400390625
2021-10-01,87.601540739043,101.323242702673,106.03662088498,107.334122388985,2970.68,4605.3798828125
2021-11-01,88.677660094087,102.206767757072,107.656374374445,108.986783106061,2839.01,4567.0
2021-12-01,89.199813663932,102.533080494898,108.336912346557,109.668517083683,2977.65,4766.18017578125
2022-01-01,89.455063292358,102.711576668313,108.615194456491,110.015316109341,2663.34,4515.5498046875
2022-02-01,89.567797452518,102.767269555684,108.732708189707,110.194687567072,2699.18,4373.93994140625
2022-03-01,89.643730282696,102.788916431313,108.778921000615,110.308410113294,2757.65,4530.41015625
2022-04-01,89.7706401529,102.864746354472,108.920334230165,110.521808774833,2695.05,4131.93017578125
2022-05-01,90.032355604483,102.992020631283,109.131586243159,110.798556579021,2685.9,4132.14990234375
2022-06-01,90.209392395515,103.057430277951,109.089435136223,110.843174086981,2332.64,3785.3798828125
2022-07-01,90.277628808144,103.045955523946,108.955893850023,110.761082511858,2451.5,4130.2900390625
2022-08-01,90.18309875086,102.849391285285,108.655174044608,110.510240898457,2472.05,3955.0
2022-09-01,90.033501088108,102.618170003506,108.332129344719,110.245316034444,2155.49,3585.6201171875
2022-10-01,89.538002730445,101.796939690961,107.278661168913,109.430993156433,2293.61,3871.97998046875
2022-11-01,88.346542953512,100.259681244924,105.350389073241,107.878182756007,2472.53,4080.110107421875
2022-12-01,86.997706396861,98.928260991935,103.284657497612,106.241651515674,2236.4,3839.5
2023-01-01,85.184348200224,96.849807033561,100.66695449496,104.211223812334,2425.08,4076.60009765625
2023-02-01,84.274112862068,95.552857252526,99.143396818311,103.003109691615,2412.85,3970.14990234375
2023-03-01,83.491044623939,94.178370227512,97.56968751499,101.744241293528,2476.86,4109.31005859375
2023-04-01,82.746840972673,93.183925956362,96.160047300527,100.580607108595,2501.53,4169.47998046875
2023-05-01,82.173216763719,92.182989461471,95.208845361792,99.726205279184,2577.12,4179.830078125
2023-06-01,82.124200535742,91.692039705008,94.870467899681,99.37560102628,2564.28,4450.3798828125
2023-07-01,82.156803736651,91.214070366651,94.641198394942,99.111855649123,2632.58,4588.9599609375
2023-08-01,82.322031409484,90.903106847869,94.633201063931,99.026735667322,2556.27,4507.66015625
2023-09-01,82.68560745342,90.966072284198,94.833503058579,99.110988964635,2465.07,4288.0498046875
2023-10-01,82.980073578041,91.049823765605,95.019300599168,99.202660980208,2277.99,4193.7998046875
2023-11-01,83.079594394315,91.001862178281,95.078894148278,99.208625612502,2535.29,4567.7998046875
2023-12-01,83.022688280387,90.868150018112,94.998103457235,99.101820847619,2655.28,4769.830078125
2024-01-01,82.866576675259,90.689336318431,94.853762605262,98.947892087799,2497.09,4845.64990234375
2024-02-01,82.785734973703,90.557085334795,94.758451082074,98.840241530226,2642.36,5096.27001953125
2024-03-01,82.679022588296,90.402823112681,94.62246834136,98.681072550574,2746.63,5254.35009765625
2024-04-01,82.585200311281,90.200649707102,94.487925677267,98.467396382991,2692.06,5035.68994140625
2024-05-01,82.604580706284,90.117686552351,94.419692427117,98.339587869328,2636.52,5277.509765625
2024-06-01,82.728414646424,90.203512121595,94.421335022849,98.246266778735,2797.82,5460.47998046875
2024-07-01,83.353925621284,90.510810625196,94.602586944017,98.24429063401,2770.69,5522.2998046875
2024-08-01,84.304133758834,91.068669597113,94.962582970236,98.360147912476,2674.31,5648.39990234375
2024-09-01,85.195820065589,91.676842381801,95.390383161628,98.536858842973,2593.27,5762.47998046875
2024-10-01,85.727981955223,92.008074467481,95.64812982697,98.640451854603,2556.15,5705.4501953125
2024-11-01,86.034895395153,92.196238892393,95.770360376269,98.646532166241,2455.91,6032.3798828125
2024-12-01,86.313610339678,92.332263194303,95.821424630708,98.552413438973,2399.49,5881.6298828125
2025-01-01,86.408729371873,92.344621805357,95.743342147665,98.406001192777,2517.37,6040.52978515625
2025-02-01,86.521876422701,92.33187446981,95.679699300393,98.267697582328,2532.78,5954.5
2025-03-01,87.428497463297,92.520777785678,95.811654230831,98.223088361603,2481.12,5611.85009765625
2025-04-01,88.698575736835,92.953313394229,96.058059485691,98.247239998205,2556.61,5569.06005859375
2025-05-01,89.517426818437,93.200542403929,96.225086422518,98.263751147454,2697.67,5911.68994140625
2025-06-01,91.34989204909,93.88803189885,96.678188184035,98.416985452203,3071.7,6204.9501953125
2025-07-01,92.722982396927,94.862175625085,97.160633521091,98.622654194828,3245.44,6339.39013671875
2025-08-01,93.457031524658,95.218215443445,97.346037299558,98.652894720083,3186.01,6460.259765625
2025-09-01,94.358933572894,95.839229391321,97.655592382224,98.756100895198,3424.6,6688.4599609375
2025-10-01,95.905890354186,97.042387119744,98.237847226522,99.034942028795,4107.5,6840.2001953125
2025-11-01,97.710724134883,98.528939046802,99.007421460389,99.437174148336,3926.59,6849.08984375
2025-12-01,99.024362444055,99.265332807681,99.536355242653,99.750624852697,4214.17,6845.5
2026-01-01,100.0,100.0,100.0,100.0,5224.36,6939.02978515625
2026-02-01,101.362011686407,101.307177075722,100.713843043353,100.404504300959,6244.13,6878.8798828125
2026-03-01,102.55759146066,103.037484756319,101.478061247684,100.843197158039,5052.46,6528.52001953125
2026-04-01,103.4847300449,104.1882903846,102.0336385255,101.163195912,6598.87,7209.009765625
2026-05-01,104.1204902649,105.3072501342,102.5071597994,101.4147871678,8476.15,7580.06005859375
2026-06-01,105.0432463606,106.6467437521,103.1994289147,101.7480720182,8476.48,7499.35986328125
2026-07-01,105.9245576668,108.026460044,104.0386754753,102.1695093846,6595.45,7489.72021484375
2026-08-01,106.940349377,109.4790208436,104.8875749497,102.5864513057,6820.02,7686.14013671875
2026-09-01,,,,,6756.42,7656.97998046875
