,KOSPI,S&P 500
1986-01-01,160.42,211.77999877929688
1986-02-01,175.91,226.9199981689453
1986-03-01,199.76,238.89999389648438
1986-04-01,202.91,235.52000427246094
1986-05-01,231.06,247.35000610351562
1986-06-01,243.36,250.83999633789062
1986-07-01,273.75,236.1199951171875
1986-08-01,264.64,252.92999267578125
1986-09-01,253.45,231.32000732421875
1986-10-01,240.79,243.97999572753906
1986-11-01,268.98,249.22000122070312
1986-12-01,272.61,242.1699981689453
1987-01-01,310.22,274.0799865722656
1987-02-01,334.98,284.20001220703125
1987-03-01,405.13,291.70001220703125
1987-04-01,358.63,288.3599853515625
1987-05-01,387.99,290.1000061035156
1987-06-01,411.76,304.0
1987-07-01,485.48,318.6600036621094
1987-08-01,474.01,329.79998779296875
1987-09-01,485.35,321.8299865722656
1987-10-01,509.05,251.7899932861328
1987-11-01,475.59,230.3000030517578
1987-12-01,525.11,247.0800018310547
1988-01-01,633.58,257.07000732421875
1988-02-01,612.35,267.82000732421875
1988-03-01,656.47,258.8900146484375
1988-04-01,647.18,261.3299865722656
1988-05-01,717.35,262.1600036621094
1988-06-01,702.83,273.5
1988-07-01,721.08,272.0199890136719
1988-08-01,664.43,261.5199890136719
1988-09-01,677.54,271.9100036621094
1988-10-01,729.79,278.9700012207031
1988-11-01,831.12,273.70001220703125
1988-12-01,907.2,277.7200012207031
1989-01-01,884.29,297.4700012207031
1989-02-01,917.9,288.8599853515625
1989-03-01,1003.31,294.8699951171875
1989-04-01,940.54,309.6400146484375
1989-05-01,932.76,320.5199890136719
1989-06-01,854.61,317.9800109863281
1989-07-01,895.66,346.0799865722656
1989-08-01,975.28,351.45001220703125
1989-09-01,942.41,349.1499938964844
1989-10-01,894.02,340.3599853515625
1989-11-01,906.33,345.989990234375
1989-12-01,909.72,353.3999938964844
1990-01-01,896.16,329.0799865722656
1990-02-01,861.59,331.8900146484375
1990-03-01,840.89,339.94000244140625
1990-04-01,688.66,330.79998779296875
1990-05-01,797.95,361.2300109863281
1990-06-01,706.79,358.0199890136719
1990-07-01,678.38,356.1499938964844
1990-08-01,606.87,322.55999755859375
1990-09-01,602.88,306.04998779296875
1990-10-01,690.16,304.0
1990-11-01,697.03,322.2200012207031
1990-12-01,696.11,330.2200012207031
1991-01-01,635.4,343.92999267578125
1991-02-01,675.57,367.07000732421875
1991-03-01,659.85,375.2200012207031
1991-04-01,645.61,375.3399963378906
1991-05-01,611.35,389.8299865722656
1991-06-01,605.27,371.1600036621094
1991-07-01,717.03,387.80999755859375
1991-08-01,683.11,395.42999267578125
1991-09-01,705.08,387.8599853515625
1991-10-01,695.94,392.45001220703125
1991-11-01,652.11,375.2200012207031
1991-12-01,610.92,417.0899963378906
1992-01-01,680.51,408.7799987792969
1992-02-01,612.5,412.70001220703125
1992-03-01,606.32,403.69000244140625
1992-04-01,615.97,414.95001220703125
1992-05-01,574.2,415.3500061035156
1992-06-01,552.03,408.1400146484375
1992-07-01,509.95,424.2099914550781
1992-08-01,562.8,414.0299987792969
1992-09-01,513.82,417.79998779296875
1992-10-01,615.58,418.67999267578125
1992-11-01,663.36,431.3500061035156
1992-12-01,678.44,435.7099914550781
1993-01-01,670.56,438.7799987792969
1993-02-01,642.96,443.3800048828125
1993-03-01,666.75,451.6700134277344
1993-04-01,721.57,440.19000244140625
1993-05-01,752.31,450.19000244140625
1993-06-01,748.87,450.5299987792969
1993-07-01,729.94,448.1300048828125
1993-08-01,664.88,463.55999755859375
1993-09-01,718.87,458.92999267578125
1993-10-01,750.72,467.8299865722656
1993-11-01,811.06,461.7900085449219
1993-12-01,866.18,466.45001220703125
1994-01-01,945.71,481.6099853515625
1994-02-01,918.88,467.1400146484375
1994-03-01,867.22,445.7699890136719
1994-04-01,908.72,450.9100036621094
1994-05-01,939.49,456.5
1994-06-01,933.36,444.2699890136719
1994-07-01,927.97,458.260009765625
1994-08-01,944.23,475.489990234375
1994-09-01,1050.51,462.7099914550781
1994-10-01,1105.62,472.3500061035156
1994-11-01,1074.41,453.69000244140625
1994-12-01,1027.37,459.2699890136719
1995-01-01,925.56,470.4200134277344
1995-02-01,885.69,487.3900146484375
1995-03-01,931.78,500.7099914550781
1995-04-01,897.0,514.7100219726562
1995-05-01,882.5,533.4000244140625
1995-06-01,894.41,544.75
1995-07-01,933.57,562.0599975585938
1995-08-01,914.06,561.8800048828125
1995-09-01,982.65,584.4099731445312
1995-10-01,990.26,581.5
1995-11-01,930.92,605.3699951171875
1995-12-01,882.94,615.9299926757812
1996-01-01,878.82,636.02001953125
1996-02-01,852.83,640.4299926757812
1996-03-01,874.16,645.5
1996-04-01,980.9,654.1699829101562
1996-05-01,903.09,669.1199951171875
1996-06-01,817.43,670.6300048828125
1996-07-01,821.71,639.9500122070312
1996-08-01,781.49,651.989990234375
1996-09-01,789.67,687.3300170898438
1996-10-01,757.59,705.27001953125
1996-11-01,726.48,757.02001953125
1996-12-01,651.22,740.739990234375
1997-01-01,685.84,786.1599731445312
1997-02-01,676.53,790.8200073242188
1997-03-01,677.34,757.1199951171875
1997-04-01,703.23,801.3400268554688
1997-05-01,756.77,848.280029296875
1997-06-01,745.4,885.1400146484375
1997-07-01,726.12,954.3099975585938
1997-08-01,695.37,899.469970703125
1997-09-01,647.11,947.280029296875
1997-10-01,470.79,914.6199951171875
1997-11-01,407.86,955.4000244140625
1997-12-01,376.31,970.4299926757812
1998-01-01,567.38,980.280029296875
1998-02-01,558.98,1049.3399658203125
1998-03-01,481.04,1101.75
1998-04-01,421.22,1111.75
1998-05-01,332.03,1090.8199462890625
1998-06-01,297.88,1133.8399658203125
1998-07-01,343.33,1120.6700439453125
1998-08-01,310.16,957.280029296875
1998-09-01,310.32,1017.010009765625
1998-10-01,403.44,1098.6700439453125
1998-11-01,451.88,1163.6300048828125
1998-12-01,562.46,1229.22998046875
1999-01-01,571.43,1279.6400146484375
1999-02-01,520.06,1238.3299560546875
1999-03-01,618.98,1286.3699951171875
1999-04-01,752.59,1335.1800537109375
1999-05-01,736.02,1301.8399658203125
1999-06-01,883.0,1372.7099609375
1999-07-01,969.72,1328.719970703125
1999-08-01,937.88,1320.4100341796875
1999-09-01,836.18,1282.7099609375
1999-10-01,833.51,1362.9300537109375
1999-11-01,996.66,1388.9100341796875
1999-12-01,1028.07,1469.25
2000-01-01,943.88,1394.4599609375
2000-02-01,828.38,1366.4200439453125
2000-03-01,860.94,1498.5799560546875
2000-04-01,725.39,1452.4300537109375
2000-05-01,731.88,1420.5999755859375
2000-06-01,821.22,1454.5999755859375
2000-07-01,705.97,1430.8299560546875
2000-08-01,688.62,1517.6800537109375
2000-09-01,613.22,1436.510009765625
2000-10-01,514.48,1429.4000244140625
2000-11-01,509.23,1314.949951171875
2000-12-01,504.62,1320.280029296875
2001-01-01,617.91,1366.010009765625
2001-02-01,578.1,1239.93994140625
2001-03-01,523.22,1160.3299560546875
2001-04-01,577.36,1249.4599609375
2001-05-01,612.16,1255.8199462890625
2001-06-01,595.13,1224.3800048828125
2001-07-01,541.55,1211.22998046875
2001-08-01,545.11,1133.5799560546875
2001-09-01,479.68,1040.93994140625
2001-10-01,537.81,1059.780029296875
2001-11-01,643.89,1139.449951171875
2001-12-01,693.7,1148.0799560546875
2002-01-01,748.07,1130.199951171875
2002-02-01,819.99,1106.72998046875
2002-03-01,895.58,1147.3900146484375
2002-04-01,842.34,1076.9200439453125
2002-05-01,796.4,1067.1400146484375
2002-06-01,742.72,989.8200073242188
2002-07-01,717.99,911.6199951171875
2002-08-01,736.4,916.0700073242188
2002-09-01,646.42,815.280029296875
2002-10-01,658.92,885.760009765625
2002-11-01,724.8,936.3099975585938
2002-12-01,627.55,879.8200073242188
2003-01-01,591.86,855.7000122070312
2003-02-01,575.43,841.1500244140625
2003-03-01,535.7,848.1799926757812
2003-04-01,599.35,916.9199829101562
2003-05-01,633.42,963.5900268554688
2003-06-01,669.93,974.5
2003-07-01,713.52,990.3099975585938
2003-08-01,759.47,1008.010009765625
2003-09-01,697.52,995.969970703125
2003-10-01,782.36,1050.7099609375
2003-11-01,796.18,1058.199951171875
2003-12-01,810.71,1111.9200439453125
2004-01-01,848.5,1131.1300048828125
2004-02-01,883.42,1144.93994140625
2004-03-01,880.5,1126.2099609375
2004-04-01,862.84,1107.300048828125
2004-05-01,803.84,1120.6800537109375
2004-06-01,785.79,1140.8399658203125
2004-07-01,735.34,1101.719970703125
2004-08-01,803.57,1104.239990234375
2004-09-01,835.09,1114.5799560546875
2004-10-01,834.84,1130.199951171875
2004-11-01,878.06,1173.8199462890625
2004-12-01,895.92,1211.9200439453125
2005-01-01,932.7,1181.27001953125
2005-02-01,1011.36,1203.5999755859375
2005-03-01,965.68,1180.5899658203125
2005-04-01,911.3,1156.8499755859375
2005-05-01,970.21,1191.5
2005-06-01,1008.16,1191.3299560546875
2005-07-01,1111.29,1234.1800537109375
2005-08-01,1083.33,1220.3299560546875
2005-09-01,1221.01,1228.81005859375
2005-10-01,1158.11,1207.010009765625
2005-11-01,1297.44,1249.47998046875
2005-12-01,1379.37,1248.2900390625
2006-01-01,1399.83,1280.0799560546875
2006-02-01,1371.59,1280.6600341796875
2006-03-01,1359.6,1294.8699951171875
2006-04-01,1419.73,1310.6099853515625
2006-05-01,1317.7,1270.0899658203125
2006-06-01,1295.15,1270.199951171875
2006-07-01,1297.82,1276.6600341796875
2006-08-01,1352.74,1303.8199462890625
2006-09-01,1371.41,1335.8499755859375
2006-10-01,1364.55,1377.93994140625
2006-11-01,1432.21,1400.6300048828125
2006-12-01,1434.46,1418.300048828125
2007-01-01,1360.23,1438.239990234375
2007-02-01,1417.34,1406.8199462890625
2007-03-01,1452.55,1420.8599853515625
2007-04-01,1542.24,1482.3699951171875
2007-05-01,1700.91,1530.6199951171875
2007-06-01,1743.6,1503.3499755859375
2007-07-01,1933.27,1455.27001953125
2007-08-01,1873.24,1473.989990234375
2007-09-01,1946.48,1526.75
2007-10-01,2064.85,1549.3800048828125
2007-11-01,1906.0,1481.1400146484375
2007-12-01,1897.13,1468.3599853515625
2008-01-01,1624.68,1378.550048828125
2008-02-01,1711.62,1330.6300048828125
2008-03-01,1703.99,1322.699951171875
2008-04-01,1825.47,1385.5899658203125
2008-05-01,1852.02,1400.3800048828125
2008-06-01,1674.92,1280.0
2008-07-01,1594.67,1267.3800048828125
2008-08-01,1474.24,1282.8299560546875
2008-09-01,1448.06,1166.3599853515625
2008-10-01,1113.06,968.75
2008-11-01,1076.07,896.239990234375
2008-12-01,1124.47,903.25
2009-01-01,1162.11,825.8800048828125
2009-02-01,1063.03,735.0900268554688
2009-03-01,1206.26,797.8699951171875
2009-04-01,1369.36,872.8099975585938
2009-05-01,1395.89,919.1400146484375
2009-06-01,1390.07,919.3200073242188
2009-07-01,1557.29,987.47998046875
2009-08-01,1591.85,1020.6199951171875
2009-09-01,1673.14,1057.0799560546875
2009-10-01,1580.69,1036.18994140625
2009-11-01,1555.6,1095.6300048828125
2009-12-01,1682.77,1115.0999755859375
2010-01-01,1602.43,1073.8699951171875
2010-02-01,1594.58,1104.489990234375
2010-03-01,1692.85,1169.4300537109375
2010-04-01,1741.56,1186.68994140625
2010-05-01,1641.25,1089.4100341796875
2010-06-01,1698.29,1030.7099609375
2010-07-01,1759.33,1101.5999755859375
2010-08-01,1742.75,1049.3299560546875
2010-09-01,1872.81,1141.199951171875
2010-10-01,1882.95,1183.260009765625
2010-11-01,1904.63,1180.550048828125
2010-12-01,2051.0,1257.6400146484375
2011-01-01,2069.73,1286.1199951171875
2011-02-01,1939.3,1327.219970703125
2011-03-01,2106.7,1325.8299560546875
2011-04-01,2192.36,1363.6099853515625
2011-05-01,2142.47,1345.199951171875
2011-06-01,2100.69,1320.6400146484375
2011-07-01,2133.21,1292.280029296875
2011-08-01,1880.11,1218.8900146484375
2011-09-01,1769.65,1131.4200439453125
2011-10-01,1909.03,1253.300048828125
2011-11-01,1847.51,1246.9599609375
2011-12-01,1825.74,1257.5999755859375
2012-01-01,1955.79,1312.4100341796875
2012-02-01,2030.25,1365.6800537109375
2012-03-01,2014.04,1408.469970703125
2012-04-01,1981.99,1397.9100341796875
2012-05-01,1843.47,1310.3299560546875
2012-06-01,1854.01,1362.1600341796875
2012-07-01,1881.99,1379.3199462890625
2012-08-01,1905.12,1406.5799560546875
2012-09-01,1996.21,1440.6700439453125
2012-10-01,1912.06,1412.1600341796875
2012-11-01,1932.9,1416.1800537109375
2012-12-01,1997.05,1426.18994140625
2013-01-01,1961.94,1498.1099853515625
2013-02-01,2026.49,1514.6800537109375
2013-03-01,2004.89,1569.18994140625
2013-04-01,1963.95,1597.5699462890625
2013-05-01,2001.05,1630.739990234375
2013-06-01,1863.32,1606.280029296875
2013-07-01,1914.03,1685.72998046875
2013-08-01,1926.36,1632.969970703125
2013-09-01,1996.96,1681.550048828125
2013-10-01,2030.09,1756.5400390625
2013-11-01,2044.87,1805.81005859375
2013-12-01,2011.34,1848.3599853515625
2014-01-01,1941.15,1782.5899658203125
2014-02-01,1979.99,1859.449951171875
2014-03-01,1985.61,1872.3399658203125
2014-04-01,1961.79,1883.949951171875
2014-05-01,1994.96,1923.5699462890625
2014-06-01,2002.21,1960.22998046875
2014-07-01,2076.12,1930.6700439453125
2014-08-01,2068.54,2003.3699951171875
2014-09-01,2020.09,1972.2900390625
2014-10-01,1964.43,2018.050048828125
2014-11-01,1980.78,2067.56005859375
2014-12-01,1915.59,2058.89990234375
2015-01-01,1949.26,1994.989990234375
2015-02-01,1985.8,2104.5
2015-03-01,2041.03,2067.889892578125
2015-04-01,2127.17,2085.510009765625
2015-05-01,2114.8,2107.389892578125
2015-06-01,2074.2,2063.110107421875
2015-07-01,2030.16,2103.840087890625
2015-08-01,1941.49,1972.1800537109375
2015-09-01,1962.81,1920.030029296875
2015-10-01,2029.47,2079.360107421875
2015-11-01,1991.97,2080.409912109375
2015-12-01,1961.31,2043.93994140625
2016-01-01,1912.06,1940.239990234375
2016-02-01,1916.66,1932.22998046875
2016-03-01,1995.85,2059.739990234375
2016-04-01,1994.15,2065.300048828125
2016-05-01,1983.4,2096.949951171875
2016-06-01,1970.35,2098.860107421875
2016-07-01,2016.19,2173.60009765625
2016-08-01,2034.65,2170.949951171875
2016-09-01,2043.63,2168.27001953125
2016-10-01,2008.19,2126.14990234375
2016-11-01,1983.48,2198.81005859375
2016-12-01,2026.46,2238.830078125
2017-01-01,2067.57,2278.8701171875
2017-02-01,2091.64,2363.639892578125
2017-03-01,2160.23,2362.719970703125
2017-04-01,2205.44,2384.199951171875
2017-05-01,2347.38,2411.800048828125
2017-06-01,2391.79,2423.409912109375
2017-07-01,2402.71,2470.300048828125
2017-08-01,2363.19,2471.64990234375
2017-09-01,2394.47,2519.360107421875
2017-10-01,2523.43,2575.260009765625
2017-11-01,2476.37,2647.580078125
2017-12-01,2467.49,2673.610107421875
2018-01-01,2566.46,2823.81005859375
2018-02-01,2427.36,2713.830078125
2018-03-01,2445.85,2640.8701171875
2018-04-01,2515.38,2648.050048828125
2018-05-01,2423.01,2705.27001953125
2018-06-01,2326.13,2718.3701171875
2018-07-01,2295.26,2816.2900390625
2018-08-01,2322.88,2901.52001953125
2018-09-01,2343.07,2913.97998046875
2018-10-01,2029.69,2711.739990234375
2018-11-01,2096.86,2760.169921875
2018-12-01,2041.04,2506.85009765625
2019-01-01,2204.85,2704.10009765625
2019-02-01,2195.44,2784.489990234375
2019-03-01,2140.67,2834.39990234375
2019-04-01,2203.59,2945.830078125
2019-05-01,2041.74,2752.06005859375
2019-06-01,2130.62,2941.760009765625
2019-07-01,2024.55,2980.3798828125
2019-08-01,1967.79,2926.4599609375
2019-09-01,2063.05,2976.739990234375
2019-10-01,2083.48,3037.56005859375
2019-11-01,2087.96,3140.97998046875
2019-12-01,2197.67,3230.780029296875
2020-01-01,2119.01,3225.52001953125
2020-02-01,1987.01,2954.219970703125
2020-03-01,1754.64,2584.590087890625
2020-04-01,1947.56,2912.429931640625
2020-05-01,2029.6,3044.31005859375
2020-06-01,2108.33,3100.2900390625
2020-07-01,2249.37,3271.1201171875
2020-08-01,2326.17,3500.31005859375
2020-09-01,2327.89,3363.0
2020-10-01,2267.15,3269.9599609375
2020-11-01,2591.34,3621.6298828125
2020-12-01,2873.47,3756.070068359375
2021-01-01,2976.21,3714.239990234375
2021-02-01,3012.95,3811.14990234375
2021-03-01,3061.42,3972.889892578125
2021-04-01,3147.86,4181.169921875
2021-05-01,3203.92,4204.10986328125
2021-06-01,3296.68,4297.5
2021-07-01,3202.32,4395.259765625
2021-08-01,3199.27,4522.68017578125
2021-09-01,3068.82,4307.5400390625
2021-10-01,2970.68,4605.3798828125
2021-11-01,2839.01,4567.0
2021-12-01,2977.65,4766.18017578125
2022-01-01,2663.34,4515.5498046875
2022-02-01,2699.18,4373.93994140625
2022-03-01,2757.65,4530.41015625
2022-04-01,2695.05,4131.93017578125
2022-05-01,2685.9,4132.14990234375
2022-06-01,2332.64,3785.3798828125
2022-07-01,2451.5,4130.2900390625
2022-08-01,2472.05,3955.0
2022-09-01,2155.49,3585.6201171875
2022-10-01,2293.61,3871.97998046875
2022-11-01,2472.53,4080.110107421875
2022-12-01,2236.4,3839.5
2023-01-01,2425.08,4076.60009765625
2023-02-01,2412.85,3970.14990234375
2023-03-01,2476.86,4109.31005859375
2023-04-01,2501.53,4169.47998046875
2023-05-01,2577.12,4179.830078125
2023-06-01,2564.28,4450.3798828125
2023-07-01,2632.58,4588.9599609375
2023-08-01,2556.27,4507.66015625
2023-09-01,2465.07,4288.0498046875
2023-10-01,2277.99,4193.7998046875
2023-11-01,2535.29,4567.7998046875
2023-12-01,2655.28,4769.830078125
2024-01-01,2497.09,4845.64990234375
2024-02-01,2642.36,5096.27001953125
2024-03-01,2746.63,5254.35009765625
2024-04-01,2692.06,5035.68994140625
2024-05-01,2636.52,5277.509765625
2024-06-01,2797.82,5460.47998046875
2024-07-01,2770.69,5522.2998046875
2024-08-01,2674.31,5648.39990234375
2024-09-01,2593.27,5762.47998046875
2024-10-01,2556.15,5705.4501953125
2024-11-01,2455.91,6032.3798828125
2024-12-01,2399.49,5881.6298828125
2025-01-01,2517.37,6040.52978515625
2025-02-01,2532.78,5954.5
2025-03-01,2481.12,5611.85009765625
2025-04-01,2556.61,5569.06005859375
2025-05-01,2697.67,5911.68994140625
2025-06-01,3071.7,6204.9501953125
2025-07-01,3245.44,6339.39013671875
2025-08-01,3186.01,6460.259765625
2025-09-01,3424.6,6688.4599609375
2025-10-01,4107.5,6840.2001953125
2025-11-01,3926.59,6849.08984375
2025-12-01,4214.17,6845.5
2026-01-01,5224.36,6939.02978515625
2026-02-01,6244.13,6878.8798828125
2026-03-01,5052.46,6528.52001953125
2026-04-01,6598.87,7209.009765625
2026-05-01,8476.15,7580.06005859375
2026-06-01,8476.48,7499.35986328125
2026-07-01,6595.45,7489.72021484375
2026-08-01,6820.02,7686.14013671875
2026-09-01,6756.42,7656.97998046875
